DOC_ID,CANONICAL,CONTEXT,FORMATTED,VERBATIM,CONTAINING_ELEMENT,PATH_TO_ELEMENT
NDAR_V02_0009,Boston Gazette,"BOSTON GAZETTE , MONDAY, SEPTEMBER 4, 1775 Wat",Boston Gazette,BOSTON GAZETTE,title,/TaggedPDF-doc/div/doc[9]/title/pub
NDAR_V02_0017,Newport Mercury,"NEWPORT MERCURY , MONDAY, SEPTEMBER 4, 1775 New",Newport Mercury,NEWPORT MERCURY,title,/TaggedPDF-doc/div/doc[17]/title/pub
NDAR_V02_0024,Virginia Gazette,"ARY TO ALEXANDER PURDIE, PRINTER OF THE VIRGINIA GAZETTE Mr. Purdie, You will",Virginia Gazette,VIRGINIA GAZETTE,title,/TaggedPDF-doc/div/doc[24]/title/pub
NDAR_V02_0024,Virginia Gazette,"1. Purdie's VIRGINIA GAZETTE , Supplement, September 8, 1775. Cary wa",Virginia Gazette,Virginia Gazette,src,/TaggedPDF-doc/div/doc[24]/src/pub
NDAR_V02_0047,Connecticut Journal,"CONNECTICUT JOURNAL , WEDNESDAY, SEPTEMBER 6, 1775",Connecticut Journal,CONNECTICUT JOURNAL,title,/TaggedPDF-doc/div/doc[47]/title/pub
NDAR_V02_0059,New England Chronicle,"NEW ENGLAND CHRONICLE , THURSDAY, AUGUST 31 TO THURSDAY, SEPTE",New England Chronicle,NEW ENGLAND CHRONICLE,title,/TaggedPDF-doc/div/doc[59]/title/pub
NDAR_V02_0065,New York Journal,"NEW YORK JOURNAL , THURSDAY, SEPTEMBER 7, 1775 N",New York Journal,NEW YORK JOURNAL,title,/TaggedPDF-doc/div/doc[65]/title/pub
NDAR_V02_0067,Virginia Gazette,"PINKNEY'S VIRGINIA GAZETTE , THURSDAY, SEPTEMBER 7, 1775 W",Virginia Gazette,VIRGINIA GAZETTE,title,/TaggedPDF-doc/div/doc[67]/title/pub
NDAR_V02_0072,Essex Journal,"ESSEX JOURNAL , FRIDAY,SEPTEMBER 8, 1775 Newb",Essex Journal,ESSEX JOURNAL,title,/TaggedPDF-doc/div/doc[72]/title/pub
NDAR_V02_0081,Connecticut Gazette,"CONNECTICUT GAZETTE , FRIDAY, SEPTEMBER 8, 1775 New",Connecticut Gazette,CONNECTICUT GAZETTE,title,/TaggedPDF-doc/div/doc[81]/title/pub
NDAR_V02_0092,Virginia Gazette,"PURDIE'S VIRGINIA GAZETTE , FRIDAY, SEPTEMBER 8, 1775 Wil",Virginia Gazette,VIRGINIA GAZETTE,title,/TaggedPDF-doc/div/doc[92]/title/pub
NDAR_V02_0092,Virginia Gazette,"irst three paragraphs are from Purdie's VIRGINIA GAZETTE , Supplement, of this date.",Virginia Gazette,Virginia Gazette,note,/TaggedPDF-doc/div/doc[92]/note/pub
NDAR_V02_0093,South Carolina and American General Gazette,"SOUTH-CAROLINA AND AMERICAN GENERAL GAZETTE , FRIDAY, SEPTEMBER 1 TO FRIDAY, SEPTEMB",South Carolina and American General Gazette,SOUTH-CAROLINA AND AMERICAN GENERAL GAZETTE,title,/TaggedPDF-doc/div/doc[93]/title/pub
NDAR_V02_0097,New York Gazette,"ed, might serve to inflame. 1. NEW YORK GAZETTE , September 18, 1775. Mr. Hugh Gaine, th",New York Gazette,New York Gazette,src,/TaggedPDF-doc/div/doc[97]/src/pub
NDAR_V02_0097,New York Journal,"or supplying British ships. 2. NEW YORK JOURNAL , September 7, 1775.",New York Journal,New York Journal,note,/TaggedPDF-doc/div/doc[97]/note/pub
NDAR_V02_0101,Pennsylvania Journal,"before the writing of the above letter. PENNSYLVANIA JOURNAL , September 6, 1775. 3. A copy",Pennsylvania Journal,Pennsylvania Journal,note,/TaggedPDF-doc/div/doc[101]/note[1]/pub
NDAR_V02_0103,Pennsylvania Journal,"arles Biddle Autobiography. 2. PENNSYLVANIA JOURNAL , September 13, 1775: ""Saturday last [Se",Pennsylvania Journal,Pennsylvania Journal,note,/TaggedPDF-doc/div/doc[103]/note/pub
NDAR_V02_0105,Virginia Gazette,"DIXON AND HUNTER'S VIRGINIA GAZETTE , SATURDAY, SEPTEMBER 9, 1775 W",Virginia Gazette,VIRGINIA GAZETTE,title,/TaggedPDF-doc/div/doc[105]/title/pub
NDAR_V02_0106,Virginia Gazette,"Matthew Squire. 1. Holt's VIRGINIA GAZETTE , September 13, 1775.",Virginia Gazette,Virginia Gazette,src,/TaggedPDF-doc/div/doc[106]/src/pub
NDAR_V02_0117,Pennsylvania Journal,"he Custom House entry as printed in the PENNSYLVANIA JOURNAL , September 13, 1775.",Pennsylvania Journal,Pennsylvania Journal,note,/TaggedPDF-doc/div/doc[117]/note/pub
NDAR_V02_0119,Virginia Gazette,"lead. 1. Printed in Pinkney's VIRGINIA GAZETTE , September 14, 1775; in Purdie's",Virginia Gazette,Virginia Gazette,src,/TaggedPDF-doc/div/doc[119]/src/pub[1]
NDAR_V02_0119,Virginia Gazette,"lead. 1. Printed in Pinkney's VIRGINIA GAZETTE , September 14, 1775; in Purdie's",Virginia Gazette,Virginia Gazette,src,/TaggedPDF-doc/div/doc[119]/src/pub[2]
NDAR_V02_0119,Virginia Gazette,"lead. 1. Printed in Pinkney's VIRGINIA GAZETTE , September 14, 1775; in Purdie's",Virginia Gazette,Virginia Gazette,src,/TaggedPDF-doc/div/doc[119]/src/pub[3]
NDAR_V02_0120,Virginia Gazette,"drove the Mercury ashore, see Pinkney's VIRGINIA GAZETTE , September 7, 1775, and the master's lo",Virginia Gazette,Virginia Gazette,note,/TaggedPDF-doc/div/doc[120]/note[3]/pub
NDAR_V02_0122,Boston Gazette,"BOSTON GAZETTE , MONDAY, SEPTEMBER 11, 1775 Wa",Boston Gazette,BOSTON GAZETTE,title,/TaggedPDF-doc/div/doc[122]/title/pub
NDAR_V02_0125,Newport Mercury,"NEWPORT MERCURY , MONDAY, SEPTEMBER 11, 1775 Ne",Newport Mercury,NEWPORT MERCURY,title,/TaggedPDF-doc/div/doc[125]/title/pub
NDAR_V02_0141,Constitutional Gazette,"CONSTITUTIONAL GAZETTE , WEDNESDAY, SEPTEMBER 13, 1775",Constitutional Gazette,CONSTITUTIONAL GAZETTE,title,/TaggedPDF-doc/div/doc[141]/title/pub
NDAR_V02_0142,Connecticut Courant,"ated September 14, 1775, printed in the CONNECTICUT COURANT , Hartford, September 25, further losses",Connecticut Courant,Connecticut Courant,note,/TaggedPDF-doc/div/doc[142]/note/pub
NDAR_V02_0148,New England Chronicle,"NEW ENGLAND CHRONICLE , THURSDAY, SEPTEMBER 7 TO THURSDAY, SEP",New England Chronicle,NEW ENGLAND CHRONICLE,title,/TaggedPDF-doc/div/doc[148]/title/pub
NDAR_V02_0155,New York Journal,"ll in the glorious attempt. 1. NEW YORK JOURNAL , September 28, 1775.",New York Journal,New York Journal,src,/TaggedPDF-doc/div/doc[155]/src/pub
NDAR_V02_0156,New York Journal,"NEW YORK JOURNAL , THURSDAY, SEPTEMBER 21, 1775",New York Journal,NEW YORK JOURNAL,title,/TaggedPDF-doc/div/doc[156]/title/pub
NDAR_V02_0156,New York Journal,"ably the same vessel. However, both the NEW YORK JOURNAL and the Committee of Safety designated",New York Journal,New York Journal,note,/TaggedPDF-doc/div/doc[156]/note/pub
NDAR_V02_0163,Virginia Gazette,"PINKNEY'S VIRGINIA GAZETTE , THURSDAY, SEPTEMBER 14, 1775",Virginia Gazette,VIRGINIA GAZETTE,title,/TaggedPDF-doc/div/doc[163]/title/pub
NDAR_V02_0163,Norfolk Intelligencer,"Mr. [John Hunter] Holt, printer of the NORFOLK INTELLIGENCER .1 As it is one of those great productio",Norfolk Intelligencer,Norfolk Intelligencer,p,/TaggedPDF-doc/div/doc[163]/docBody/p[1]/pub
NDAR_V02_0163,Virginia Gazette,"1. Holt's paper was the VIRGINIA GAZETTE , with a sub-title of Norfolk Intelligen",Virginia Gazette,Virginia Gazette,note,/TaggedPDF-doc/div/doc[163]/note/pub[1]
NDAR_V02_0163,Norfolk Intelligencer,"Mr. [John Hunter] Holt, printer of the NORFOLK INTELLIGENCER .1 As it is one of those great productio",Norfolk Intelligencer,Norfolk Intelligencer,note,/TaggedPDF-doc/div/doc[163]/note/pub[2]
NDAR_V02_0182,Virginia Gazette,"PURDIE'S VIRGINIA GAZETTE , FRIDAY, SEPTEMBER 15, 1775 Wi",Virginia Gazette,VIRGINIA GAZETTE,title,/TaggedPDF-doc/div/doc[182]/title/pub
NDAR_V02_0182,Norfolk Gazette,"f lord Dunmore's, to the printer of the NORFOLK GAZETTE .[Here is inserted Captain Squire's lett",Norfolk Gazette,Norfolk gazette,p,/TaggedPDF-doc/div/doc[182]/docBody/p[1]/pub
NDAR_V02_0183,Virginia Gazette,"PURDIE'S VIRGINIA GAZETTE , SUPPLEMENT, FRIDAY, SEPTEMBER 15, 1775",Virginia Gazette,VIRGINIA GAZETTE,title,/TaggedPDF-doc/div/doc[183]/title/pub
NDAR_V02_0184,Maryland Gazette,"on of this unhappy country. 1. MARYLAND GAZETTE , Annapolis, October 5, 1775.",Maryland Gazette,Maryland Gazette,src,/TaggedPDF-doc/div/doc[184]/src/pub
NDAR_V02_0188,Pennsylvania Evening Post,"which are now in the road. 1. PENNSYLVANIA EVENING POST , October 5, 1775. 2. H.M. Sloo",Pennsylvania Evening Post,Pennsylvania Evening Post,src,/TaggedPDF-doc/div/doc[188]/src/pub
NDAR_V02_0193,New York Gazette,"and the Fort at all Events. 1. NEW YORK GAZETTE , October 9, 1775.",New York Gazette,New York Gazette,src,/TaggedPDF-doc/div/doc[193]/src/pub
NDAR_V02_0198,Virginia Gazette,"DIXON AND HUNTER'S VIRGINIA GAZETTE , SATURDAY, SEPTEMBER 16, 1775",Virginia Gazette,VIRGINIA GAZETTE,title,/TaggedPDF-doc/div/doc[198]/title/pub
NDAR_V02_0199,Virginia Gazette,"1. Purdie's VIRGINIA GAZETTE , September 22, 1775.",Virginia Gazette,Virginia Gazette,src,/TaggedPDF-doc/div/doc[199]/src/pub
NDAR_V02_0200,Virginia Gazette,". Curle, chairman. 1. Purdie's VIRGINIA GAZETTE , September 22, 1775.",Virginia Gazette,Virginia Gazette,src,/TaggedPDF-doc/div/doc[200]/src/pub
NDAR_V02_0220,Boston Gazette,"ldren escaped without hurt. 1. BOSTON GAZETTE , Watertown, September 25, 1775.",Boston Gazette,Boston Gazette,src,/TaggedPDF-doc/div/doc[220]/src/pub
NDAR_V02_0222,Newport Mercury,"NEWPORT MERCURY , MONDAY, SEPTEMBER 18, 1775 Ne",Newport Mercury,NEWPORT MERCURY,title,/TaggedPDF-doc/div/doc[222]/title/pub
NDAR_V02_0222,New York Journal,"1. A note by the editor of the NEW YORK JOURNAL , in reprinting this paragraph, identifi",New York Journal,New York Journal,src,/TaggedPDF-doc/div/doc[222]/src/pub
NDAR_V02_0265,Virginia Gazette,"HOLT'S VIRGINIA GAZETTE , WEDNESDAY, SEPTEMBER 20, 1775",Virginia Gazette,VIRGINIA GAZETTE,title,/TaggedPDF-doc/div/doc[265]/title/pub
NDAR_V02_0270,New England Chronicle,"NEW ENGLAND CHRONICLE , THURSDAY, SEPTEMBER 14 TO THURSDAY, SE",New England Chronicle,NEW ENGLAND CHRONICLE,title,/TaggedPDF-doc/div/doc[270]/title/pub
NDAR_V02_0275,New York Journal,"NEW YORK JOURNAL , THURSDAY, SEPTEMBER 21, 1775",New York Journal,NEW YORK JOURNAL,title,/TaggedPDF-doc/div/doc[275]/title/pub
NDAR_V02_0278,Maryland Gazette,"MARYLAND GAZETTE , THURSDAY,SEPTEMBER 28, 1775 A",Maryland Gazette,MARYLAND GAZETTE,title,/TaggedPDF-doc/div/doc[278]/title/pub
NDAR_V02_0279,Virginia Gazette,"USANDS"" TO JOHN PINKNEY, PRINTER OF THE VIRGINIA GAZETTE Mr. Pinkney, [William",Virginia Gazette,VIRGINIA GAZETTE,title,/TaggedPDF-doc/div/doc[279]/title/pub
NDAR_V02_0279,Virginia Gazette,"Thousands. 1. Pinkney's VIRGINIA GAZETTE , September 21, 1775.",Virginia Gazette,Virginia Gazette,src,/TaggedPDF-doc/div/doc[279]/src/pub
NDAR_V02_0280,Virginia Gazette,"dley. 3 1. Pinkney's VIRGINIA GAZETTE , September 21, 1775. 2. This w",Virginia Gazette,Virginia Gazette,src,/TaggedPDF-doc/div/doc[280]/src/pub
NDAR_V02_0295,Virginia Gazette,"PURDIE'S VIRGINIA GAZETTE , FRIDAY, SEPTEMBER 22, 1775 Wi",Virginia Gazette,VIRGINIA GAZETTE,title,/TaggedPDF-doc/div/doc[295]/title/pub
NDAR_V02_0298,South Carolina and American General Gazette,"SOUTH-CAROLINA AND AMERICAN GENERAL GAZETTE , FRIDAY, SEPTEMBER 15 TO FRIDAY, SEPTEM",South Carolina and American General Gazette,SOUTH-CAROLINA AND AMERICAN GENERAL GAZETTE,title,/TaggedPDF-doc/div/doc[298]/title/pub
NDAR_V02_0307,Virginia Gazette,"DIXON AND HUNTER'S VIRGINIA GAZETTE , SATURDAY, SEPTEMBER 23, 1775",Virginia Gazette,VIRGINIA GAZETTE,title,/TaggedPDF-doc/div/doc[307]/title/pub
NDAR_V02_0328,Newport Mercury,"NEWPORT MERCURY , MONDAY, SEPTEMBER 25, 1775 Ne",Newport Mercury,NEWPORT MERCURY,title,/TaggedPDF-doc/div/doc[328]/title/pub
NDAR_V02_0336,Maryland Gazette,". Ridgely Papers, MdHS. 2. See MARYLAND GAZETTE , September 28, 1775.",Maryland Gazette,Maryland Gazette,note,/TaggedPDF-doc/div/doc[336]/note/pub
NDAR_V02_0370,Pennsylvania Journal,"the Camp at Cambridge, Octo. 1, 1775."" PENNSYLVANIA JOURNAL , October 11, 1775.",Pennsylvania Journal,Pennsylvania Journal,note,/TaggedPDF-doc/div/doc[370]/note[2]/pub
NDAR_V02_0373,Pennsylvania Evening Post,"our Machias Admiral"" was printed in the PENNSYLVANIA EVENING POST , October 7, 1775, as ""Extract of a lett",Pennsylvania Evening Post,Pennsylvania Evening Post,note,/TaggedPDF-doc/div/doc[373]/note/pub
NDAR_V02_0398,Virginia Gazette,"PURDIE'S VIRGINIA GAZETTE , FRIDAY, SEPTEMBER 29, 1775 Wi",Virginia Gazette,VIRGINIA GAZETTE,title,/TaggedPDF-doc/div/doc[398]/title/pub
NDAR_V02_0431,Pennsylvania Journal,"dvantage from it. 1. PENNSYLVANIA JOURNAL , October 11, 1775. 2. The Dolp",Pennsylvania Journal,Pennsylvania Journal,src,/TaggedPDF-doc/div/doc[431]/src/pub
NDAR_V02_0441,Virginia Gazette,"his day. 1. Dixon and Hunter's VIRGINIA GAZETTE , October 7, 1775.",Virginia Gazette,Virginia Gazette,src,/TaggedPDF-doc/div/doc[441]/src/pub
NDAR_V02_0447,Boston Gazette,"BOSTON GAZETTE , MONDAY, OCTOBER 2, 1775 Water",Boston Gazette,BOSTON GAZETTE,title,/TaggedPDF-doc/div/doc[447]/title/pub
NDAR_V02_0449,Newport Mercury,"NEWPORT MERCURY , MONDAY, OCTOBER 2, 1775 Newpo",Newport Mercury,NEWPORT MERCURY,title,/TaggedPDF-doc/div/doc[449]/title/pub
NDAR_V02_0457,Virginia Gazette,", and that his case be published in the VIRGINIA GAZETTE , agreeable to the Resolve of the Eleven",Virginia Gazette,Virginia Gazette,p,/TaggedPDF-doc/div/doc[457]/docBody/p[2]/pub
NDAR_V02_0463,New Hampshire Gazette,"NEW HAMPSHIRE GAZETTE , TUESDAY, OCTOBER 3, 1775 Port",New Hampshire Gazette,NEW HAMPSHIRE GAZETTE,title,/TaggedPDF-doc/div/doc[463]/title/pub
NDAR_V02_0493,Constitutional Gazette,"CONSTITUTIONAL GAZETTE , WEDNESDAY, OCTOBER 4, 1775 Ne",Constitutional Gazette,CONSTITUTIONAL GAZETTE,title,/TaggedPDF-doc/div/doc[493]/title/pub
NDAR_V02_0502,New England Chronicle,"NEW ENGLAND CHRONICLE , THURSDAY, SEPTEMBER 28 TO THURSDAY, OC",New England Chronicle,NEW ENGLAND CHRONICLE,title,/TaggedPDF-doc/div/doc[502]/title/pub
NDAR_V02_0517,Virginia Gazette,"PINKNEY'S VIRGINIA GAZETTE , THURSDAY, OCTOBER 5, 1775 Wil",Virginia Gazette,VIRGINIA GAZETTE,title,/TaggedPDF-doc/div/doc[517]/title/pub
NDAR_V02_0556,Virginia Gazette,"PURDIE'S VIRGINIA GAZETTE , SUPPLEMENT, FRIDAY, OCTOBER 6, 1775",Virginia Gazette,VIRGINIA GAZETTE,title,/TaggedPDF-doc/div/doc[556]/title/pub
NDAR_V02_0557,Virginia Gazette,"DIXON AND HUNTER'S VIRGINIA GAZETTE , SATURDAY, OCTOBER 7, 1775 Wil",Virginia Gazette,VIRGINIA GAZETTE,title,/TaggedPDF-doc/div/doc[557]/title/pub
NDAR_V02_0587,Newport Mercury,"NEWPORT MERCURY , MONDAY, OCTOBER 9, 1775 Newpo",Newport Mercury,NEWPORT MERCURY,title,/TaggedPDF-doc/div/doc[587]/title/pub
NDAR_V02_0592,New York Gazette,"NEW YORK GAZETTE , MONDAY, OCTOBER 9, 1775 New Y",New York Gazette,NEW YORK GAZETTE,title,/TaggedPDF-doc/div/doc[592]/title/pub
NDAR_V02_0629,Connecticut Journal,"CONNECTICUT JOURNAL , WEDNESDAY, OCTOBER 11, 1775 N",Connecticut Journal,CONNECTICUT JOURNAL,title,/TaggedPDF-doc/div/doc[629]/title/pub
NDAR_V02_0629,Connecticut Journal,"gy, William Barron, master. 2. CONNECTICUT JOURNAL , October 18, 1775; ""The ship mentioned",Connecticut Journal,Connecticut Journal,note,/TaggedPDF-doc/div/doc[629]/note/pub
NDAR_V02_0634,Pennsylvania Journal,"PENNSYLVANIA JOURNAL , WEDNESDAY, OCTOBER 11, 1775 [",Pennsylvania Journal,PENNSYLVANIA JOURNAL,title,/TaggedPDF-doc/div/doc[634]/title/pub
NDAR_V02_0635,Pennsylvania Gazette,"PENNSYLVANIA GAZETTE , WEDNESDAY, OCTOBER 11, 1775 P",Pennsylvania Gazette,PENNSYLVANIA GAZETTE,title,/TaggedPDF-doc/div/doc[635]/title/pub
NDAR_V02_0649,New England Chronicle,"NEW ENGLAND CHRONICLE , THURSDAY, SEPTEMBER 28 TO THURSDAY, OC",New England Chronicle,NEW ENGLAND CHRONICLE,title,/TaggedPDF-doc/div/doc[649]/title/pub
NDAR_V02_0656,Newport Mercury,"5. Having observed in the last NEWPORT MERCURY , an imperfect account relative to the c",Newport Mercury,Newport Mercury,p,/TaggedPDF-doc/div/doc[656]/docBody/p[1]/pub
NDAR_V02_0656,New Yark Gazette,"ntents.[Footnote added by editor of the NEW YARK GAZETTE ] The Rev. Mr. Burt was born in Boston,",New Yark Gazette,New Yark Gazette,p2,/TaggedPDF-doc/div/doc[656]/docBody/p2/pub
NDAR_V02_0656,New York Gazette,"1. NEW YORK GAZETTE , October 23, 1775.",New York Gazette,New York Gazette,src,/TaggedPDF-doc/div/doc[656]/src/pub
NDAR_V02_0666,Virginia Gazette,"John Hunter Holt. 1. Purdie's VIRGINIA GAZETTE , October 13, 1775.",Virginia Gazette,Virginia Gazette,src,/TaggedPDF-doc/div/doc[666]/src/pub
NDAR_V02_0685,Connecticut Courant,"CONNECTICUT COURANT , MONDAY, OCTOBER 16, 1775 New-",Connecticut Courant,CONNECTICUT COURANT,title,/TaggedPDF-doc/div/doc[685]/title/pub
NDAR_V02_0685,Pennsylvania Gazette,"orwich. 1. The ship Peggy. See PENNSYLVANIA GAZETTE , October 11, 1775.",Pennsylvania Gazette,Pennsylvania Gazette,note,/TaggedPDF-doc/div/doc[685]/note/pub
NDAR_V02_0686,New York Gazette,"&c.] William Tryon 1. NEW YORK GAZETTE , October 23, 1775. Hicks was mayor of N",New York Gazette,New York Gazette,src,/TaggedPDF-doc/div/doc[686]/src/pub
NDAR_V02_0687,New York Gazette,"enry Remsen, Dep. Chairman. 1. NEW YORK GAZETTE , October 23, 1775.",New York Gazette,New York Gazette,src,/TaggedPDF-doc/div/doc[687]/src/pub
NDAR_V02_0694,Virginia Gazette,"PURDIE'S VIRGINIA GAZETTE , FRIDAY, OCTOBER 13, 1775 Will",Virginia Gazette,VIRGINIA GAZETTE,title,/TaggedPDF-doc/div/doc[694]/title/pub
NDAR_V02_0705,New York Gazette,"Whitehead Hicks. 1. NEW YORK GAZETTE , October 23, 1775.",New York Gazette,New York Gazette,src,/TaggedPDF-doc/div/doc[705]/src/pub
NDAR_V02_0706,New York Gazette,"William Tryon. 1. NEW YORK GAZETTE , October 23, 1775.",New York Gazette,New York Gazette,note,/TaggedPDF-doc/div/doc[706]/note/pub
NDAR_V02_0708,Virginia Gazette,"DIXON & HUNTER'S VIRGINIA GAZETTE , SATURDAY,OCTOBER 14, 1775 Wil",Virginia Gazette,VIRGINIA GAZETTE,title,/TaggedPDF-doc/div/doc[708]/title/pub
NDAR_V02_0711,London Chronicle,"LONDON CHRONICLE , TUESDAY, DECEMBER 12 TO THURSDAY, DECE",London Chronicle,LONDON CHRONICLE,title,/TaggedPDF-doc/div/doc[711]/title/pub
NDAR_V02_0740,Newport Mercury,"NEWPORT MERCURY , MONDAY, OCTOBER 16, 1775 Newp",Newport Mercury,NEWPORT MERCURY,title,/TaggedPDF-doc/div/doc[740]/title/pub
NDAR_V02_0744,New York Gazette,"NEW YORK GAZETTE , MONDAY, OCTOBER 16, 1775 New-",New York Gazette,NEW YORK GAZETTE,title,/TaggedPDF-doc/div/doc[744]/title/pub
NDAR_V02_0749,North Carolina Gazette,"ciples, I was wont to think highly.In a NORTH CAROLINA GAZETTE of the 29th of September, Your Lordship",North Carolina Gazette,North Carolina Gazette,p,/TaggedPDF-doc/div/doc[749]/docBody/p[6]/pub
NDAR_V02_0765,New York Gazette,"Isaac Low, Chairman. 1. NEW YORK GAZETTE , October 23, 1775.",New York Gazette,New York Gazette,src,/TaggedPDF-doc/div/doc[765]/src/pub
NDAR_V02_0781,New York Gazette,"Whitehead Hicks. 1. NEW YORK GAZETTE , October 23, 1775.",New York Gazette,New York Gazette,src,/TaggedPDF-doc/div/doc[781]/src/pub
NDAR_V02_0798,New England Chronicle,"NEW ENGLAND CHRONICLE , THURSDAY, OCTOBER 12 TO THURSDAY, OCTO",New England Chronicle,NEW ENGLAND CHRONICLE,title,/TaggedPDF-doc/div/doc[798]/title/pub
NDAR_V02_0808,New York Journal,"NEW YORK JOURNAL , THURSDAY, OCTOBER 19, 1775 Ne",New York Journal,NEW YORK JOURNAL,title,/TaggedPDF-doc/div/doc[808]/title/pub
NDAR_V02_0811,New York Gazette,"c.] William Tryon. 1. NEW YORK GAZETTE , October 23, 1775.",New York Gazette,New York Gazette,src,/TaggedPDF-doc/div/doc[811]/src/pub
NDAR_V02_0823,Pennsylvania Packet,"n's, Oct. 20, 1775,"" was printed in the PENNSYLVANIA PACKET , November 6, 1775.",Pennsylvania Packet,Pennsylvania Packet,src,/TaggedPDF-doc/div/doc[823]/src/pub
NDAR_V02_0825,Constitutional Gazette,"1. CONSTITUTIONAL GAZETTE , New York, November 4, 1775. 2",Constitutional Gazette,Constitutional Gazette,src,/TaggedPDF-doc/div/doc[825]/src/pub
NDAR_V02_0845,London Chronicle,"ook to the woods. 1. LONDON CHRONICLE , January 4 to January 6, 1776. The Chro",London Chronicle,London Chronicle,src,/TaggedPDF-doc/div/doc[845]/src/pub
NDAR_V02_0845,Pennsylvania Evening Post,"yal Highland Regiment of Emigrants. See PENNSYLVANIA EVENING POST , October 24, and Journal of the Contine",Pennsylvania Evening Post,Pennsylvania Evening Post,note,/TaggedPDF-doc/div/doc[845]/note[2]/pub
NDAR_V02_0846,Virginia Gazette,"PURDIE'S VIRGINIA GAZETTE , SUPPLEMENT, FRIDAY, OCTOBER 20, 1775",Virginia Gazette,VIRGINIA GAZETTE,title,/TaggedPDF-doc/div/doc[846]/title/pub
NDAR_V02_0866,Virginia Gazette,"DIXON AND HUNTER'S VIRGINIA GAZETTE , SATURDAY, OCTOBER 21, 1775 Wi",Virginia Gazette,VIRGINIA GAZETTE,title,/TaggedPDF-doc/div/doc[866]/title/pub
NDAR_V02_0867,Salem Gazette,"ridge Gerry, March 18, 1813, printed in SALEM GAZETTE , July 22, 1856. 2. The letters",Salem Gazette,Salem Gazette,src,/TaggedPDF-doc/div/doc[867]/src/pub
NDAR_V02_0886,Boston Gazette,"BOSTON GAZETTE , MONDAY, OCTOBER 23, 1775 Wate",Boston Gazette,BOSTON GAZETTE,title,/TaggedPDF-doc/div/doc[886]/title/pub
NDAR_V02_0890,Newport Mercury,"NEWPORT MERCURY , MONDAY, OCTOBER 23, 1775 Newp",Newport Mercury,NEWPORT MERCURY,title,/TaggedPDF-doc/div/doc[890]/title/pub
NDAR_V02_0891,New York Gazette,"NEW YORK GAZETTE , MONDAY, OCTOBER 23, 1775 New-",New York Gazette,NEW YORK GAZETTE,title,/TaggedPDF-doc/div/doc[891]/title/pub
NDAR_V02_0916,Pennsylvania Evening Post,"PENNSYLVANIA EVENING POST , TUESDAY, OCTOBER 24, 1775 Phi",Pennsylvania Evening Post,PENNSYLVANIA EVENING POST,title,/TaggedPDF-doc/div/doc[916]/title/pub
NDAR_V02_0943,New York Journal,"NEW YORK JOURNAL , THURSDAY, OCTOBER 26, 1775 Ne",New York Journal,NEW YORK JOURNAL,title,/TaggedPDF-doc/div/doc[943]/title/pub
NDAR_V02_0946,Virginia Gazette,LETTER TO THE PRINTER OF THE VIRGINIA GAZETTE [Extract] Williamsbur,Virginia Gazette,VIRGINIA GAZETTE,title,/TaggedPDF-doc/div/doc[946]/title/pub
NDAR_V02_0946,Virginia Gazette,"have been taken. 1. Pinkney's VIRGINIA GAZETTE , October 26, 1775.",Virginia Gazette,Virginia Gazette,src,/TaggedPDF-doc/div/doc[946]/src/pub
NDAR_V02_0964,New York Gazette,"1. NEW YORK GAZETTE , November 13, 1775.",New York Gazette,New York Gazette,src,/TaggedPDF-doc/div/doc[964]/src/pub
NDAR_V02_0966,Providence Gazette,"PROVIDENCE GAZETTE , SATURDAY,OCTOBER 28, 1775 Pro",Providence Gazette,PROVIDENCE GAZETTE,title,/TaggedPDF-doc/div/doc[966]/title/pub
NDAR_V02_0966,New York Journal,"of Potatoes. 1. See NEW YORK JOURNAL , October 26, 1775.",New York Journal,New York Journal,src,/TaggedPDF-doc/div/doc[966]/src/pub
NDAR_V02_0970,Constitutional Gazette,"CONSTITUTIONAL GAZETTE , SATURDAY, OCTOBER 28, 1775 Ne",Constitutional Gazette,CONSTITUTIONAL GAZETTE,title,/TaggedPDF-doc/div/doc[970]/title/pub
NDAR_V02_0972,London Chronicle,"f war or troops had sailed. 1. LONDON CHRONICLE , December 12 to December 14, 1775.",London Chronicle,London Chronicle,src,/TaggedPDF-doc/div/doc[972]/src/pub
NDAR_V02_0977,Virginia Gazette,"DIXON & HUNTER'S VIRGINIA GAZETTE , SATURDAY, OCTOBER 28, 1775 Wi",Virginia Gazette,VIRGINIA GAZETTE,title,/TaggedPDF-doc/div/doc[977]/title/pub
NDAR_V02_0980,Salem Gazette,"1. Selman to Gerry, March 18, 1813; SALEM GAZETTE , July 22, 1856. 2. A long shoa",Salem Gazette,Salem Gazette,src,/TaggedPDF-doc/div/doc[980]/src/pub
NDAR_V02_0994,London Chronicle,"h was very difficult to do. 1. LONDON CHRONICLE , December 26 to December 28, 1775.",London Chronicle,London Chronicle,src,/TaggedPDF-doc/div/doc[994]/src/pub
NDAR_V02_1003,Newport Mercury,"NEWPORT MERCURY , MONDAY, OCTOBER 30, 1775 Newp",Newport Mercury,NEWPORT MERCURY,title,/TaggedPDF-doc/div/doc[1003]/title/pub
NDAR_V02_1004,New York Gazette,"NEW YORK GAZETTE , MONDAY, OCTOBER 30, 1775 New-",New York Gazette,NEW YORK GAZETTE,title,/TaggedPDF-doc/div/doc[1004]/title/pub
NDAR_V02_1026,London Chronicle,"issued orders accordingly. 1. LONDON CHRONICLE , August 17 to August 19, 1775.",London Chronicle,London Chronicle,src,/TaggedPDF-doc/div/doc[1026]/src/pub
NDAR_V02_1027,London Chronicle,"d orders to sail to Boston. 1. LONDON CHRONICLE , August 17 to August 19, 1775.",London Chronicle,London Chronicle,src,/TaggedPDF-doc/div/doc[1027]/src/pub
NDAR_V02_1031,Gazetteer and New Daily Advertiser,"GAZETTEER AND NEW DAILY ADVERTISER , AUGUST 15, 1775 London. [Augu",Gazetteer and New Daily Advertiser,GAZETTEER AND NEW DAILY ADVERTISER,title,/TaggedPDF-doc/div/doc[1031]/title/pub
NDAR_V02_1036,London Chronicle,"LONDON CHRONICLE , TUESDAY, AUGUST 15 TO THURSDAY, AUGUST",London Chronicle,LONDON CHRONICLE,title,/TaggedPDF-doc/div/doc[1036]/title/pub
NDAR_V02_1039,London Chronicle,"LONDON CHRONICLE , THURSDAY, AUGUST 17 TO SATURDAY, AUGUS",London Chronicle,LONDON CHRONICLE,title,/TaggedPDF-doc/div/doc[1039]/title/pub
NDAR_V02_1040,London Gazette,"LONDON GAZETTE , TUESDAY, AUGUST 29 TO SATURDAY, SEPTEM",London Gazette,LONDON GAZETTE,title,/TaggedPDF-doc/div/doc[1040]/title/pub
NDAR_V02_1051,London Chronicle,"LONDON CHRONICLE , TUESDAY, AUGUST 22 TO THURSDAY, AUGUST",London Chronicle,LONDON CHRONICLE,title,/TaggedPDF-doc/div/doc[1051]/title/pub
NDAR_V02_1063,London Chronicle,"LONDON CHRONICLE , THURSDAY, AUGUST 24 TO SATURDAY, AUGUS",London Chronicle,LONDON CHRONICLE,title,/TaggedPDF-doc/div/doc[1063]/title/pub
NDAR_V02_1084,London Chronicle,"LONDON CHRONICLE , TUESDAY, SEPTEMBER 5 TO THURSDAY, SEPT",London Chronicle,LONDON CHRONICLE,title,/TaggedPDF-doc/div/doc[1084]/title/pub
NDAR_V02_1103,London Chronicle,"LONDON CHRONICLE , THURSDAY, SEPTEMBER 14 TO SATURDAY, SE",London Chronicle,LONDON CHRONICLE,title,/TaggedPDF-doc/div/doc[1103]/title/pub
NDAR_V02_1111,London Gazette,"LONDON GAZETTE , SATURDAY, SEPTEMBER 16 TO TUESDAY, SEP",London Gazette,LONDON GAZETTE,title,/TaggedPDF-doc/div/doc[1111]/title/pub
NDAR_V02_1127,London Chronicle,"court, Pri[z]e, for Boston. 1. LONDON CHRONICLE , September 26 to September 28, 1775.",London Chronicle,London Chronicle,src,/TaggedPDF-doc/div/doc[1127]/src/pub
NDAR_V02_1141,London Gazette,"rrespondence, III, 226-227. 2. LONDON GAZETTE , September 30 to October 3, 1775, ""A Ma",London Gazette,London Gazette,note,/TaggedPDF-doc/div/doc[1141]/note/pub
NDAR_V02_1181,London Chronicle,"miral Shuldham, for Boston. 1. LONDON CHRONICLE , October 21 to October 24, 1775.",London Chronicle,London Chronicle,src,/TaggedPDF-doc/div/doc[1181]/src/pub
NDAR_V02_1212,Pennsylvania Gazette,"GOD save the KING 1. PENNSYLVANIA GAZETTE , Philadelphia, November 22, 1775. Prece",Pennsylvania Gazette,Pennsylvania Gazette,src,/TaggedPDF-doc/div/doc[1212]/src/pub
NDAR_V02_1220,Constitutional Gazette,"CONSTITUTIONAL GAZETTE , WEDNESDAY, NOVEMBER 1, 1775 N",Constitutional Gazette,CONSTITUTIONAL GAZETTE,title,/TaggedPDF-doc/div/doc[1220]/title/pub
NDAR_V02_1222,Virginia Gazette,"LETTER TO THE PRINTER OF PINKNEY'S VIRGINIA GAZETTE Hampton, November 1, 1775.",Virginia Gazette,VIRGINIA GAZETTE,title,/TaggedPDF-doc/div/doc[1222]/title/pub
NDAR_V02_1222,Virginia Gazette,"e free! 1. Pinkney's VIRGINIA GAZETTE , November 2, 1775.",Virginia Gazette,Virginia Gazette,src,/TaggedPDF-doc/div/doc[1222]/src/pub
NDAR_V02_1245,Pennsylvania Packet,"II, 315-318. 2. Printed in the PENNSYLVANIA PACKET , November 6, 1775, the omitted proviso",Pennsylvania Packet,Pennsylvania Packet,note,/TaggedPDF-doc/div/doc[1245]/note/pub
NDAR_V02_1248,Virginia Gazette,"PINKNEY'S VIRGINIA GAZETTE , THURSDAY, NOVEMBER 2, 1775 Wi",Virginia Gazette,VIRGINIA GAZETTE,title,/TaggedPDF-doc/div/doc[1248]/title/pub
NDAR_V02_1264,Virginia Gazette,"PURDIE'S VIRGINIA GAZETTE , FRIDAY, NOVEMBER 3, 1775 Will",Virginia Gazette,VIRGINIA GAZETTE,title,/TaggedPDF-doc/div/doc[1264]/title/pub
NDAR_V02_1274,Pennsylvania Packet,"nstructions. 3. Printed in the PENNSYLVANIA PACKET , November 6, 1775.",Pennsylvania Packet,Pennsylvania Packet,note,/TaggedPDF-doc/div/doc[1274]/note[2]/pub
NDAR_V02_1277,Pennsylvania Packet,"gs to Baltimore, and bound for Europe,"" PENNSYLVANIA PACKET , November 6, 1775. See also Smith & Son",Pennsylvania Packet,Pennsylvania Packet,note,/TaggedPDF-doc/div/doc[1277]/note/pub
NDAR_V02_1279,Virginia Gazette,"DIXON AND HUNTER'S VIRGINIA GAZETTE , SATURDAY, NOVEMBER 4, 1775 Wi",Virginia Gazette,VIRGINIA GAZETTE,title,/TaggedPDF-doc/div/doc[1279]/title/pub
NDAR_V02_1298,Salem Gazette,"k. 3. John Selman's narrative, SALEM GAZETTE , July 22, 1856, covering approximately",Salem Gazette,Salem Gazette,note,/TaggedPDF-doc/div/doc[1298]/note[2]/pub
NDAR_V02_1309,Newport Mercury,"NEWPORT MERCURY , MONDAY, NOVEMBER 6, 1775 Newp",Newport Mercury,NEWPORT MERCURY,title,/TaggedPDF-doc/div/doc[1309]/title/pub
NDAR_V02_1311,New York Gazette,"NEW YORK GAZETTE , MONDAY, NOVEMBER 6, 1775 New",New York Gazette,NEW YORK GAZETTE,title,/TaggedPDF-doc/div/doc[1311]/title/pub
NDAR_V02_1334,Virginia Gazette,"n was also published November 25 in the VIRGINIA GAZETTE , successor to John Hunter Holt's newspa",Virginia Gazette,Virginia Gazette,src,/TaggedPDF-doc/div/doc[1334]/src/pub
NDAR_V02_1356,Pennsylvania Gazette,"PENNSYLVANIA GAZETTE , WEDNESDAY, NOVEMBER 8, 1775 P",Pennsylvania Gazette,PENNSYLVANIA GAZETTE,title,/TaggedPDF-doc/div/doc[1356]/title/pub
NDAR_V02_1380,Virginia Gazette,"PINKNEY'S VIRGINIA GAZETTE , THURSDAY, NOVEMBER 9, 1775 Wi",Virginia Gazette,VIRGINIA GAZETTE,title,/TaggedPDF-doc/div/doc[1380]/title/pub
NDAR_V02_1380,Virginia Gazette,"s action appeared in Dixon and Hunter's VIRGINIA GAZETTE , November 11, 1775.",Virginia Gazette,Virginia Gazette,src,/TaggedPDF-doc/div/doc[1380]/src/pub
NDAR_V02_1391,Pennsylvania Journal,"American arms ー4 1. PENNSYLVANIA JOURNAL , November 29, 1775. 2. This is",Pennsylvania Journal,Pennsylvania Journal,src,/TaggedPDF-doc/div/doc[1391]/src/pub
NDAR_V02_1399,Virginia Gazette,"PURDIE'S VIRGINIA GAZETTE , FRIDAY, NOVEMBER 10, 1775 Wil",Virginia Gazette,VIRGINIA GAZETTE,title,/TaggedPDF-doc/div/doc[1399]/title/pub
NDAR_V02_1420,Providence Gazette,"PROVIDENCE GAZETTE , SATURDAY, NOVEMBER 11, 1775 P",Providence Gazette,PROVIDENCE GAZETTE,title,/TaggedPDF-doc/div/doc[1420]/title/pub
NDAR_V02_1433,Essex Gazette,"y piece of Composition published in the ESSEX GAZETTE with the signature of H Mowet, on the r",Essex Gazette,Essex Gazette,p2,/TaggedPDF-doc/div/doc[1433]/docBody/p2/pub
NDAR_V02_1442,Magazine of American History,"1. ""Journal of Col. Rudolphus Ritzema."" MAGAZINE OF AMERICAN HISTORY (New York and Chicago, 1877), I, Part I",Magazine of American History,Magazine of American History,src,/TaggedPDF-doc/div/doc[1442]/src/pub[1]
NDAR_V02_1442,Magazine of American History,"1. ""Journal of Col. Rudolphus Ritzema."" MAGAZINE OF AMERICAN HISTORY (New York and Chicago, 1877), I, Part I",Magazine of American History,Magazine of American History,src,/TaggedPDF-doc/div/doc[1442]/src/pub[2]
NDAR_V02_1447,Boston Gazette,"BOSTON GAZETTE , MONDAY, NOVEMBER 13, 1775 Wat",Boston Gazette,BOSTON GAZETTE,title,/TaggedPDF-doc/div/doc[1447]/title/pub
NDAR_V02_1449,Newport Mercury,"NEWPORT MERCURY , MONDAY, NOVEMBER 13, 1775 New",Newport Mercury,NEWPORT MERCURY,title,/TaggedPDF-doc/div/doc[1449]/title/pub
NDAR_V02_1450,New York Gazette,"NEW YORK GAZETTE , MONDAY, NOVEMBER 13, 1775 New",New York Gazette,NEW YORK GAZETTE,title,/TaggedPDF-doc/div/doc[1450]/title/pub
NDAR_V02_1454,Virginia Gazette,"LC. 2. See Dixon and Hunter's VIRGINIA GAZETTE , October 28, 1775.",Virginia Gazette,Virginia Gazette,note,/TaggedPDF-doc/div/doc[1454]/note/pub
NDAR_V02_1456,Virginia Gazette,"PURDIE'S VIRGINIA GAZETTE , FRIDAY, NOVEMBER 17, 1775 Wil",Virginia Gazette,VIRGINIA GAZETTE,title,/TaggedPDF-doc/div/doc[1456]/title/pub
NDAR_V02_1472,Providence Gazette,"ce.James Wallace. 1. PROVIDENCE GAZETTE , December 9, 1775.",Providence Gazette,Providence Gazette,src,/TaggedPDF-doc/div/doc[1472]/src/pub
NDAR_V02_1473,Providence Gazette,"ccept it in the same light. 1. PROVIDENCE GAZETTE , December 9, 1775.",Providence Gazette,Providence Gazette,src,/TaggedPDF-doc/div/doc[1473]/src/pub
NDAR_V02_1475,London Chronicle,"ls through the ferry-house. 1. LONDON CHRONICLE , January 11 to January 13, 1776.",London Chronicle,London Chronicle,src,/TaggedPDF-doc/div/doc[1475]/src/pub
NDAR_V02_1476,Virginia Gazette,"PURDIE'S VIRGINIA GAZETTE , FRIDAY, NOVEMBER 17, 1775 Wil",Virginia Gazette,VIRGINIA GAZETTE,title,/TaggedPDF-doc/div/doc[1476]/title/pub
NDAR_V02_1493,Providence Gazette,"Hopkins, Brigadier-General. 1. PROVIDENCE GAZETTE , December 9, 1775.",Providence Gazette,Providence Gazette,src,/TaggedPDF-doc/div/doc[1493]/src/pub
NDAR_V02_1497,Virginia Gazette,"PURDIE'S VIRGINIA GAZETTE , FRIDAY, NOVEMBER 17, 1775 Wil",Virginia Gazette,VIRGINIA GAZETTE,title,/TaggedPDF-doc/div/doc[1497]/title/pub
NDAR_V02_1512,Providence Gazette,"Coddington, Council-Clerk. 1. PROVIDENCE GAZETTE , December 9, 1775.",Providence Gazette,Providence Gazette,src,/TaggedPDF-doc/div/doc[1512]/src/pub
NDAR_V02_1513,Providence Gazette,"Hopkins, Brigadier-General. 1. PROVIDENCE GAZETTE , December 9, 1775.",Providence Gazette,Providence Gazette,src,/TaggedPDF-doc/div/doc[1513]/src/pub
NDAR_V02_1514,Providence Gazette,"Coddington, Council-Clerk. 1. PROVIDENCE GAZETTE , December 9, 1775.",Providence Gazette,Providence Gazette,src,/TaggedPDF-doc/div/doc[1514]/src/pub
NDAR_V02_1515,Providence Gazette,"c.] James Wallace. 1. PROVIDENCE GAZETTE , December 9, 1775.",Providence Gazette,Providence Gazette,src,/TaggedPDF-doc/div/doc[1515]/src/pub
NDAR_V02_1516,Providence Gazette,"n, Council-Clerk. 1. PROVIDENCE GAZETTE , December 9, 1775.",Providence Gazette,Providence Gazette,src,/TaggedPDF-doc/div/doc[1516]/src/pub
NDAR_V02_1525,Virginia Gazette,"PINKNEY'S VIRGINIA GAZETTE , THURSDAY, NOVEMBER 16, 1775 W",Virginia Gazette,VIRGINIA GAZETTE,title,/TaggedPDF-doc/div/doc[1525]/title/pub
NDAR_V02_1526,Virginia Gazette,"PURDIE'S VIRGINIA GAZETTE , FRIDAY, NOVEMBER 17, 1775 Wil",Virginia Gazette,VIRGINIA GAZETTE,title,/TaggedPDF-doc/div/doc[1526]/title/pub
NDAR_V02_1534,Providence Gazette,"Hopkins, Brigadier-General. 1. PROVIDENCE GAZETTE , December 9, 1775.",Providence Gazette,Providence Gazette,src,/TaggedPDF-doc/div/doc[1534]/src/pub
NDAR_V02_1535,Providence Gazette,"Coddington, Council-Clerk. 1. PROVIDENCE GAZETTE , December 9, 1775.",Providence Gazette,Providence Gazette,src,/TaggedPDF-doc/div/doc[1535]/src/pub
NDAR_V02_1536,Providence Gazette,"Coddington, Council-Clerk. 1. PROVIDENCE GAZETTE , December 9, 1775.",Providence Gazette,Providence Gazette,src,/TaggedPDF-doc/div/doc[1536]/src/pub
NDAR_V02_1542,Virginia Gazette,"PURDIE'S VIRGINIA GAZETTE , FRIDAY,NOVEMBER 17, 1775 Will",Virginia Gazette,VIRGINIA GAZETTE,title,/TaggedPDF-doc/div/doc[1542]/title/pub
NDAR_V02_1558,Magazine of American History,"River. 1. ""Ritzema's Journal,"" MAGAZINE OF AMERICAN HISTORY , I, Part I, 103.",Magazine of American History,Magazine of American History,src,/TaggedPDF-doc/div/doc[1558]/src/pub
NDAR_V02_1569,Magazine of American History,"ssels. 1. ""Ritzema's Journal,"" MAGAZINE OF AMERICAN HISTORY , I, Part I, 103.",Magazine of American History,Magazine of American History,src,/TaggedPDF-doc/div/doc[1569]/src/pub
NDAR_V02_1576,Newport Mercury,"NEWPORT MERCURY , MONDAY, NOVEMBER 20, 1775 New",Newport Mercury,NEWPORT MERCURY,title,/TaggedPDF-doc/div/doc[1576]/title/pub
NDAR_V02_1598,Pennsylvania Journal,"otatoes, &c. which he sold. 1. PENNSYLVANIA JOURNAL , December 6, 1775. 2. The scho",Pennsylvania Journal,Pennsylvania Journal,src,/TaggedPDF-doc/div/doc[1598]/src/pub
NDAR_V02_1602,Connecticut Journal,"CONNECTICUT JOURNAL , NOVEMBER 22, 1775 New-Haven,",Connecticut Journal,CONNECTICUT JOURNAL,title,/TaggedPDF-doc/div/doc[1602]/title/pub
NDAR_V02_1641,Virginia Gazette,"PURDIE'S VIRGINIA GAZETTE , SUPPLEMENT, FRIDAY, NOVEMBER 24, 1775",Virginia Gazette,VIRGINIA GAZETTE,title,/TaggedPDF-doc/div/doc[1641]/title/pub
NDAR_V02_1648,Salem Gazette,"d prudent to spike them and come away."" SALEM GAZETTE , July 22, 1856.",Salem Gazette,Salem Gazette,note,/TaggedPDF-doc/div/doc[1648]/note[2]/pub
NDAR_V02_1659,Pennsylvania Evening Post,"PENNSYLVANIA EVENING POST , SATURDAY, NOVEMBER 25, 1775 T",Pennsylvania Evening Post,PENNSYLVANIA EVENING POST,title,/TaggedPDF-doc/div/doc[1659]/title/pub
NDAR_V02_1659,Pennsylvania Packet,"12, 1775, and as ""Cleared"" on June 19; PENNSYLVANIA PACKET , June 12 and 19, 1775.",Pennsylvania Packet,Pennsylvania Packet,note,/TaggedPDF-doc/div/doc[1659]/note/pub
NDAR_V02_1697,Newport Mercury,"NEWPORT MERCURY , MONDAY, NOVEMBER 27, 1775 New",Newport Mercury,NEWPORT MERCURY,title,/TaggedPDF-doc/div/doc[1697]/title/pub
NDAR_V02_1711,Magazine of American History,"rison. 1. ""Ritzema's Journal,"" MAGAZINE OF AMERICAN HISTORY , Part I, 103-104.",Magazine of American History,Magazine of American History,src,/TaggedPDF-doc/div/doc[1711]/src/pub
NDAR_V02_1749,Salem Gazette,"etention and bringing them to America."" SALEM GAZETTE , July 22, 1856.",Salem Gazette,Salem Gazette,note,/TaggedPDF-doc/div/doc[1749]/note/pub
NDAR_V02_1751,The New England Chronicle,"4. The Rainbow, John McMonagle, master. THE NEW ENGLAND CHRONICLE , November 24 to November 30, 1775, desc",The New England Chronicle,The New England Chronicle,note,/TaggedPDF-doc/div/doc[1751]/note[3]/pub
NDAR_V02_1753,London Chronicle,"what will be the end of it. 1. LONDON CHRONICLE , January 4 to January 6, 1776. Letter w",London Chronicle,London Chronicle,src,/TaggedPDF-doc/div/doc[1753]/src/pub
NDAR_V02_1756,Morning Chronicle and London Advertiser,"end this unnatural warfare. 1. MORNING CHRONICLE AND LONDON ADVERTISER , January 6, 1776. 2. While it",Morning Chronicle and London Advertiser,Morning Chronicle and London Advertiser,src,/TaggedPDF-doc/div/doc[1756]/src/pub
NDAR_V02_1766,Pennsylvania Gazette,"he Committee of Safety, appeared in the PENNSYLVANIA GAZETTE on 6 December, 1775, the day the propos",Pennsylvania Gazette,Pennsylvania Gazette,note,/TaggedPDF-doc/div/doc[1766]/note/pub
NDAR_V02_1783,Connecticut Gazette,"CONNECTICUT GAZETTE , FRIDAY, DECEMBER 1, 1775 New",Connecticut Gazette,CONNECTICUT GAZETTE,title,/TaggedPDF-doc/div/doc[1783]/title/pub
NDAR_V02_1798,Providence Gazette,"PROVIDENCE GAZETTE , SATURDAY,DECEMBER 2, 1775 Pro",Providence Gazette,PROVIDENCE GAZETTE,title,/TaggedPDF-doc/div/doc[1798]/title/pub
NDAR_V02_1811,Virginia Gazette,"DIXON AND HUNTER'S VIRGINIA GAZETTE , SATURDAY, DECEMBER 2, 1775 Wi",Virginia Gazette,VIRGINIA GAZETTE,title,/TaggedPDF-doc/div/doc[1811]/title/pub
NDAR_V02_1841,Boston Gazette,"BOSTON GAZETTE , MONDAY, DECEMBER 4, 1775 Wate",Boston Gazette,BOSTON GAZETTE,title,/TaggedPDF-doc/div/doc[1841]/title/pub
NDAR_V02_1848,Newport Mercury,"NEWPORT MERCURY , MONDAY, DECEMBER 4, 1775 Newp",Newport Mercury,NEWPORT MERCURY,title,/TaggedPDF-doc/div/doc[1848]/title/pub
NDAR_V02_1850,New York Gazette,"Wm. Tryon. 1. NEW YORK GAZETTE , December 11, 1775.",New York Gazette,New York Gazette,src,/TaggedPDF-doc/div/doc[1850]/src/pub
NDAR_V02_1851,New York Gazette,"NEW YORK GAZETTE , MONDAY, DECEMBER 4, 1775 New-",New York Gazette,NEW YORK GAZETTE,title,/TaggedPDF-doc/div/doc[1851]/title/pub
NDAR_V02_1857,Virginia Gazette,"1. Purdie's VIRGINIA GAZETTE , December 8, 1775.",Virginia Gazette,Virginia Gazette,src,/TaggedPDF-doc/div/doc[1857]/src/pub
NDAR_V02_1865,New Hampshire Gazette,"NEW HAMPSHIRE GAZETTE , TUESDAY, DECEMBER 5, 1775 Por",New Hampshire Gazette,NEW HAMPSHIRE GAZETTE,title,/TaggedPDF-doc/div/doc[1865]/title/pub
NDAR_V02_1888,Virginia Gazette,"ew shot. I am &ca. 1. Purdie's VIRGINIA GAZETTE , December 8, 1775.",Virginia Gazette,Virginia Gazette,src,/TaggedPDF-doc/div/doc[1888]/src/pub
NDAR_V02_1898,Providence Gazette,"ed., JCC, III, 408-413. 2. See PROVIDENCE GAZETTE , December 2, 1775, 3. McGregor",Providence Gazette,Providence Gazette,note,/TaggedPDF-doc/div/doc[1898]/note/pub
NDAR_V02_1898,Providence Gazette,"ed., JCC, III, 408-413. 2. See PROVIDENCE GAZETTE , December 2, 1775, 3. McGregor",Providence Gazette,Providence Gazette,pub,/TaggedPDF-doc/div/doc[1898]/note/pub/pub
NDAR_V02_1901,Pennsylvania Magazine of History and Biography,"onnage of the Continental Ship Alfred,"" PENNSYLVANIA MAGAZINE OF HISTORY AND BIOGRAPHY , April 1966.",Pennsylvania Magazine of History and Biography,Pennsylvania Magazine of History and Biography,note,/TaggedPDF-doc/div/doc[1901]/note/pub
NDAR_V02_1906,Virginia Gazette,"PINKNEY'S VIRGINIA GAZETTE , WEDNESDAY, DECEMBER 6, 1775 W",Virginia Gazette,VIRGINIA GAZETTE,title,/TaggedPDF-doc/div/doc[1906]/title/pub
NDAR_V02_1906,Virginia Gazette,"2. The sloop Christian. See Purdie's VIRGINIA GAZETTE , December 15, 1775.",Virginia Gazette,Virginia Gazette,note,/TaggedPDF-doc/div/doc[1906]/note[2]/pub
NDAR_V02_1907,Virginia Gazette,"ular Account of this is in the inclosed VIRGINIA GAZETTE , (No 2) which is the first of our publi",Virginia Gazette,Virginia Gazette,p,/TaggedPDF-doc/div/doc[1907]/docBody/p[1]/pub
NDAR_V02_1920,Salem Gazette,"an to Gerry, March 18, 1813, printed in SALEM GAZETTE , July 22, 1856. Selman's memory was fau",Salem Gazette,Salem Gazette,p,/TaggedPDF-doc/div/doc[1920]/note[2]/p/pub
NDAR_V02_1929,New York Journal,"NEW YORK JOURNAL , THURSDAY, DECEMBER 7, 1775 Ne",New York Journal,NEW YORK JOURNAL,title,/TaggedPDF-doc/div/doc[1929]/title/pub
